,name,address,latitude,longitude,zip,city,county,is_church,is_YMCA,day,service_type,No_Phone_Number,No_Website,food_category,eligibility_clean,walkup,drivethru,id_card_available,bring_cart,diapers_period_supplies,appointment_required,line_number_system,military_access_required,reschedule_status,has_specific_dates,frequency,days_of_week,start_time,end_time,schedule_needs_review,Weekend_Availablity
0,Aguilas del Poderoso Dios,"5901 Rancho Hills Drive, San Diego, CA 92139",32.672252,-117.06143,92139,San Diego,San Diego County,False,False,Thursday,Neighborhood Distribution,True,True,Neighborhood Produce (25-30lb),Open to All,True,True,True,True,False,False,False,False,Has Specific Reschedule Dates,True,Monthly,Thursday,10:00am,food runs out,False,False
1,All Saint Episcopal Church,"651 Eucalyptus Avenue, Vista, CA 92084",33.202163,-117.234913,92084,Vista,San Diego County,True,False,Saturday,Food To Nonprofit,True,True,Nonperishable Dry Goods + Produce,Open to All,False,False,False,False,False,False,False,False,Unknown,False,Monthly,Saturday,11 AM,12 PM.,False,True
2,Apostolic Assembly Church,"1717 East Lincoln Avenue, Escondido, CA 92027",33.143996,-117.063386,92027,Escondido,San Diego County,True,False,Saturday,Neighborhood Distribution,True,True,Neighborhood Produce (25-30lb),,False,True,True,False,True,False,False,False,Has Specific Reschedule Dates,True,Monthly,Saturday,9:30 am,10:30 am,False,True
3,Apostolic Assembly First Church San Diego,"611 South 35th St, San Diego, CA 92113",32.69969,-117.118156,92113,San Diego,San Diego County,True,False,Thursday,EFAP,True,True,EFAP Standard Package,EFAP Income Guidelines Apply,True,True,False,True,False,False,False,False,No Reschedules,False,Monthly,Thursday,10:00 am,12:00 pm,False,False
4,Armed Services YMCA Camp Pendleton,"Building 200090 Ash Road and Wire Mountain Road , Oceanside, CA 92058",33.22269,-117.38007,92058,Oceanside,San Diego County,False,True,Friday,EFAP,True,True,EFAP Standard Package,EFAP Income Guidelines Apply,False,False,False,False,False,False,False,True,Has Specific Reschedule Dates,True,Monthly,Friday,9:15 am,11:45 am,False,False
5,Ascension Evangelical Lutheran Church,"5106 Zion Avenue, San Diego, CA 92120",32.793167,-117.082899,92120,San Diego,San Diego County,True,False,"Tuesday, Saturday",EFAP,True,True,EFAP Standard Package,EFAP Income Guidelines Apply,False,False,True,False,False,False,True,False,No Reschedules,False,Weekly,Tuesdays & Saturdays,8:30 am,10:30 am,False,True
6,Ascension Evangelical Lutheran Church,"6767 51st Street, San Diego, CA 92120",32.795004,-117.082747,92120,San Diego,San Diego County,True,False,Friday,EFAP,True,True,EFAP Standard Package,EFAP Income Guidelines Apply,False,False,True,False,False,False,True,False,Has Specific Reschedule Dates,True,Monthly,Friday,8:30 am,10:30 am,False,False
7,Backcountry Resource Center,"39919 Ribbonwood Road, Boulevard, CA 91905",32.669714,-116.288907,91905,Boulevard,San Diego County,False,False,Monday,Senior,True,True,Senior 30lb Box,Senior (60+) Income Guidelines Apply,False,True,False,False,False,False,False,False,Has Specific Reschedule Dates,True,Monthly,Monday,10:00 am,11:30 am,False,False
8,Buckheart Ranch,"16881 Old Survey Road, Escondido, CA 92025",33.074487,-116.961197,92025,Escondido,San Diego County,False,False,,Food To Nonprofit,True,True,Nonperishable Dry Goods + Produce,Open to All,False,False,False,False,False,False,False,False,Unknown,False,,,,,True,False
9,Calexico - Metropolitan Calexico 10 Movie Theatre,"2441 Scaroni Avenue, Calexico, CA 92231",32.671401,-115.488707,92231,Calexico,Imperial County,False,False,Thursday,Senior,True,True,Senior 30lb Box,Senior (60+) Income Guidelines Apply,True,False,False,True,False,False,False,False,No Reschedules,False,Monthly,Thursday,6:30 am,10:00 am,False,False
10,Calvary Chapel Ramona - SOWED,"114 14th Street Suite D, Ramona, CA 92065",33.040375,-116.87517,92065,Ramona,San Diego County,False,False,,Food To Nonprofit,True,True,Nonperishable Dry Goods + Produce,Open to All,False,False,False,False,False,False,False,False,Unknown,False,,,,,True,False
11,Calvary Evangelical Lutheran Church,"3060 54th Street, San Diego, CA 92105",32.737197,-117.079928,92105,San Diego,San Diego County,True,False,"Monday, Wednesday",EFAP,True,True,EFAP Standard Package,EFAP Income Guidelines Apply,True,False,True,True,False,False,False,False,Has Specific Reschedule Dates,True,Weekly,Mondays & Wednesdays,11:00 am,2:00 pm,False,False
12,Carlsbad City Library - Learning Center,"3368 Eureka Place, Carlsbad, CA 92008",33.160831,-117.339114,92008,Carlsbad,San Diego County,False,False,Monday,Senior,True,True,Senior 30lb Box,Senior (60+) Income Guidelines Apply,False,True,False,False,False,False,False,False,Has Specific Reschedule Dates,True,Monthly,Monday,1:00 pm,2:00 pm,False,False
14,Christ the King Lutheran Church at Vallecitos Elementary School,"5211 Fifth Street, Fallbrook, CA 92028",33.41366,-117.149562,92028,Fallbrook,San Diego County,True,False,Friday,Neighborhood Distribution,True,True,Neighborhood Produce (25-30lb),Open to All,False,True,True,False,False,False,False,False,Has Specific Reschedule Dates,True,Monthly,Friday,1:30 pm,food is gone,False,False
15,Christian Church of Lemon Grove,"6970 San Miguel venue Lemon Grove, CA 91945",32.7356,-117.047589,91945,Lemon Grove,San Diego County,True,False,Tuesday,EFAP,True,True,EFAP Standard Package,EFAP Income Guidelines Apply,False,True,False,False,False,False,False,False,No Reschedules,False,Monthly,Tuesday,3:00pm,5:00pm,False,False
16,Church of Christ 61st St,"6070 Division Street San Diego CA, 92114",32.694777,-117.067808,92114,San Diego,San Diego County,True,False,Saturday,EFAP,True,True,EFAP Standard Package,EFAP Income Guidelines Apply,False,True,True,False,False,False,False,False,No Reschedules,False,Monthly,Saturday,9:00 am,10:00 am,False,True
17,CMC Good Neighbor Center (Meade Site),"3295 Meade Avenue, San Diego, CA 92116",32.756808,-117.122649,92116,San Diego,San Diego County,False,False,Wednesday,EFAP,True,True,EFAP Standard Package,EFAP Income Guidelines Apply,True,False,False,True,False,False,False,False,Has Specific Reschedule Dates,True,Weekly,Wednesdays,10:00 am,12:00 pm,False,False
18,CMC Good Neighbor Center (Nestor Site),"1120 Nestor Way, Nestor, CA 92154",32.575725,-117.085006,92154,Nestor,San Diego County,False,False,Tuesday,EFAP,True,True,EFAP Standard Package,EFAP Income Guidelines Apply,True,False,False,True,False,False,False,False,Has Specific Reschedule Dates,True,Weekly,Tuesdays,8:30 am,10:30 am,False,False
19,Colina Del Sol Park Recreation Center - South Parking Lot,"5319 Orange Avenue, San Diego, CA 92115",32.752827,-117.08014,92115,San Diego,San Diego County,False,False,Wednesday,Senior,True,True,Senior 30lb Box,Senior (60+) Income Guidelines Apply,True,True,False,True,False,False,False,False,Has Specific Reschedule Dates,True,Monthly,Wednesday,9:00 am,11:00 am,False,False
20,Community Christian Service Agency,"4167 Rappahannock Avenue, San Diego, CA 92117",32.805447,-117.201145,92117,San Diego,San Diego County,False,False,"Monday, Tuesday, Wednesday, Thursday, Friday",EFAP,True,True,EFAP Standard Package,EFAP Income Guidelines Apply,True,False,False,True,False,False,False,False,Has Specific Reschedule Dates,True,Weekly,Monday - Friday,9:30 am,3:30 pm,False,False
21,Community Resource Center,"650 Second Street, Encinitas, CA 92024",33.043845,-117.294804,92024,Encinitas,San Diego County,False,False,"Monday, Tuesday, Wednesday, Thursday, Friday",EFAP,True,True,EFAP Standard Package,EFAP Income Guidelines Apply,True,False,False,True,False,False,False,False,Has Specific Reschedule Dates,True,Weekly,Monday-Thursday,8:30am,2:00pm,False,False
22,El Cajon New Season's Church,"990 Naranca Avenue, El Cajon, CA 92021",32.804531,-116.948202,92021,El Cajon,San Diego County,True,False,Thursday,Senior,True,True,Senior 30lb Box,Senior (60+) Income Guidelines Apply,True,True,False,True,False,False,False,False,No Reschedules,False,Monthly,Thursday,9:30 am,12:00 pm,False,False
23,El Centro - Catholic Charities,"250 W Orange Avenue, El Centro, CA 92243",32.788858,-115.547084,92243,El Centro,Imperial County,False,False,Thursday,Senior,True,True,Senior 30lb Box,Senior (60+) Income Guidelines Apply,True,True,False,True,False,False,False,False,Has Specific Reschedule Dates,True,Monthly,Thursday,7:30 am,11:00 am,False,False
24,Encanto Southern Baptist Church,"6020 Akins Ave, San Diego, CA 92114",32.70994,-117.067515,92114,San Diego,San Diego County,True,False,Thursday,EFAP,True,True,EFAP Standard Package,EFAP Income Guidelines Apply,True,False,True,True,False,False,False,False,Has Specific Reschedule Dates,True,Monthly,Thursday,11:00 am,12:30 pm,False,False
25,Faith Chapel,"9400 Campo Road, Spring Valley, CA 91977",32.750103,-116.994352,91977,Spring Valley,San Diego County,False,False,Monday,Neighborhood Distribution,True,True,Neighborhood Produce (25-30lb),Open to All,False,True,True,False,False,False,False,False,Has Specific Reschedule Dates,True,Monthly,Monday,10:00 am,food is gone,False,False
26,Fallbrook Food Pantry,"140 N Brandon Road, Fallbrook, CA 92028",33.382594,-117.244662,92028,Fallbrook,San Diego County,False,False,Wednesday,Neighborhood Distribution,True,True,Neighborhood Produce (25-30lb),Open to All,True,False,True,True,False,False,False,False,No Reschedules,False,Monthly,Wednesday,9:00 am,food is gone,False,False
27,Fallbrook Food Pantry,"140 N Brandon Road, Fallbrook, CA 92028",33.382594,-117.244662,92028,Fallbrook,San Diego County,False,False,"Monday, Tuesday, Wednesday, Thursday, Friday",EFAP,True,True,EFAP Standard Package,EFAP Income Guidelines Apply,True,False,True,True,False,False,False,False,Has Specific Reschedule Dates,True,Weekly,Monday - Friday,9:30 am,12:30 pm,False,False
28,Fallbrook Spanish Seventh-Day Adventist Church,"439 Iowa Street, Fallbrook, CA 92028",33.385287,-117.24765,92028,Fallbrook,San Diego County,True,False,Friday,Neighborhood Distribution,True,True,Neighborhood Produce (25-30lb),Open to All,False,True,True,False,True,False,False,False,No Reschedules,False,Monthly,Friday,6:00pm,7:00pm,False,False
29,Feeding the Flock,"8118 University Avenue, La Mesa, CA 91942",32.768024,-117.022868,91942,La Mesa,San Diego County,False,False,Wednesday,Neighborhood Distribution,True,True,Neighborhood Produce (25-30lb),Open to All,True,True,False,True,False,False,False,False,Has Specific Reschedule Dates,True,Monthly,Wednesday,4:00pm,6:00pm,False,False
30,Food Pantry at Chollas View Church ,"904 47th street, San Diego, CA 92102",32.715378,-117.093796,92102,San Diego,San Diego County,True,False,Saturday,EFAP,True,True,EFAP Standard Package,EFAP Income Guidelines Apply,False,True,True,False,True,False,False,False,No Reschedules,False,Weekly,Saturdays,10:00 am,12:00 pm,False,True
31,Gloria McClellan Adult Activity & Resource Center ,"1400 Vale Terrace Drive, Vista, CA 92084",33.206908,-117.218518,92084,Vista,San Diego County,False,False,Tuesday,Senior,True,True,Senior 30lb Box,Senior (60+) Income Guidelines Apply,True,True,False,True,False,False,False,False,No Reschedules,False,Monthly,Tuesday,11:00 am,12:00 pm,False,False
32,Good News Baptist Church,"4106 Swift Avenue, San Diego, CA 92104",32.751731,-117.11949,92104,San Diego,San Diego County,True,False,Friday,EFAP,True,True,EFAP Standard Package,EFAP Income Guidelines Apply,True,False,True,True,False,False,True,False,Has Specific Reschedule Dates,True,Monthly,Friday,9:00 am,11:00 am,False,False
33,Good News Missionary Baptist Church,"4106 Swift Avenue, San Diego, CA 92104",32.751731,-117.11949,92104,San Diego,San Diego County,True,False,Wednesday,Senior,True,True,Senior 30lb Box,Senior (60+) Income Guidelines Apply,True,False,False,True,False,False,False,False,Has Specific Reschedule Dates,True,Monthly,Wednesday,1:30 pm,2:30 pm,False,False
34,Grace Church - San Marcos,"855 E Barham Drive, San Marcos, CA 92078",33.137185,-117.138828,92078,San Marcos,San Diego County,True,False,Wednesday,Neighborhood Distribution,True,True,Neighborhood Produce (25-30lb),Open to All,True,False,True,True,False,False,False,False,No Reschedules,False,Monthly,Wednesday,5:30 pm,6:30 pm,False,False
35,Grandon Village ,"1607 Grandon Avenue, San Marcos, CA 92078",33.135521,-117.206207,92078,San Marcos,San Diego County,False,False,Tuesday,Senior,True,True,Senior 30lb Box,Senior (60+) Income Guidelines Apply,True,False,False,True,False,False,False,False,No Reschedules,False,Monthly,Tuesday,11:00 am,12:00 pm,False,False
36,Harvest Ridge Apartments ,"1388 E Palomar Street, Chula Vista, CA 91913",32.62393,-116.995918,91913,Chula Vista,San Diego County,False,False,Tuesday,Senior,True,True,Senior 30lb Box,Senior (60+) Income Guidelines Apply,True,False,False,True,False,False,False,False,No Reschedules,False,Monthly,Tuesday,1:30 pm,3:00 pm,False,False
37,Hearts & Hands Working Together,"4235 Beyer Blvd., San Ysidro, CA 92173",32.560122,-117.044534,92173,San Ysidro,San Diego County,False,False,Tuesday,Neighborhood Distribution,True,True,Neighborhood Produce (25-30lb),Open to All,True,False,True,True,False,False,False,False,No Reschedules,False,Monthly,Tuesday,8:00 am,food is gone,False,False
38,Hearts & Hands Working Together,"4211 Camino De La Plaza, San Diego, CA 92173",32.544001,-117.040622,92173,San Diego,San Diego County,False,False,Friday,EFAP,True,True,EFAP Standard Package,EFAP Income Guidelines Apply,False,False,True,False,False,False,True,False,Has Specific Reschedule Dates,True,Monthly,Friday,8:00 am,11:00 am,False,False
39,Hearts & Hands Working Together,"663 E San Ysidro Boulevard, San Ysdiro, CA 92173",32.547452,-117.032623,92173,Boulevard,San Diego County,False,False,"Monday, Tuesday, Wednesday, Thursday, Friday",EFAP,True,True,EFAP Standard Package,EFAP Income Guidelines Apply,False,False,True,False,True,False,False,False,Has Specific Reschedule Dates,True,Weekly,Monday - Friday,3:00 pm,5:30 pm,False,False
40,Heaven's Windows,"8848 Troy Street, Spring Valley, CA 91977",32.736974,-117.008976,91977,Spring Valley,San Diego County,False,False,"Tuesday, Wednesday, Thursday, Friday",EFAP,True,True,EFAP Standard Package,EFAP Income Guidelines Apply,True,False,True,True,False,False,False,False,Has Specific Reschedule Dates,True,Weekly,Tuesday - Friday,9:00 am,12:00 pm,False,False
41,ICNA Relief USA,"833 Broadway, El Cajon, CA 92021",32.807332,-116.952142,92021,El Cajon,San Diego County,False,False,Thursday,EFAP,True,True,EFAP Standard Package,EFAP Income Guidelines Apply,False,False,False,False,False,False,False,False,Has Specific Reschedule Dates,True,Monthly,Thursday,9 am,11 am,False,False
42,Iglesia Casa de Alabanza,"4250 El Cajon Boulevard, San Diego, CA, 92105",32.755381,-117.10322,92105,San Diego,San Diego County,False,False,Monday,Neighborhood Distribution,True,True,Neighborhood Produce (25-30lb),Open to All,True,False,True,True,False,False,False,False,Has Specific Reschedule Dates,True,Weekly,Monday,3:30 pm,6:00 pm,False,False
43,Iglesia Cristiana Getsemani,"3055 Beyer Boulevard Ste #C101, San Diego, CA 92154",32.571613,-117.065294,92154,San Diego,San Diego County,False,False,Wednesday,EFAP,True,True,EFAP Standard Package,EFAP Income Guidelines Apply,True,True,True,True,False,False,False,False,Has Specific Reschedule Dates,True,Monthly,Wednesday,10:00 am,12:00 pm,False,False
44,Immaculate Heart of Mary Church,"537 E St, Ramona, CA 92065",33.044307,-116.860543,92065,Ramona,San Diego County,True,False,Tuesday,Senior,True,True,Senior 30lb Box,Senior (60+) Income Guidelines Apply,True,True,False,True,False,False,False,False,No Reschedules,False,Monthly,Tuesday,8:30 am,10:00 am,False,False
45,Imperial Beach Neighborhood Center,"1515 Elder Ave San Diego, 92154",32.578369,-117.098923,92154,San Diego,San Diego County,False,False,Thursday,EFAP,True,True,EFAP Standard Package,EFAP Income Guidelines Apply,True,False,True,True,False,False,False,False,No Reschedules,False,Monthly,Thursday,9:00 am,10:30 am,False,False
46,Jacobs & Cushman San Diego Food Bank,"9850 Distribution Avenue, San Diego, CA 92121",32.887012,-117.164252,92121,San Diego,San Diego County,False,False,Saturday,Senior,True,True,Senior 30lb Box,Senior (60+) Income Guidelines Apply,False,False,False,False,False,False,False,False,No Reschedules,False,Monthly,Saturday,9:00 am,11:30 am,False,True
47,Jacumba - Highland Senior Center,"44681 Old Hwy 80, Jacumba, CA 91934",32.617546,-116.179638,91934,Jacumba,San Diego County,False,False,Monday,Senior,True,True,Senior 30lb Box,Senior (60+) Income Guidelines Apply,False,True,False,False,False,False,False,False,Has Specific Reschedule Dates,True,Monthly,Monday,12:30 pm,1:30 pm,False,False
48,Jamul Community Church,"14866 Lyons Valley Road, Jamul, CA 91935",32.730295,-116.840858,91935,Jamul,San Diego County,True,False,,,True,True,Nonperishable Dry Goods + Produce,Open to All,True,True,True,True,False,False,False,False,Unknown,False,,,,,True,False
49,Jewish Family Services of SD,"8804 Balboa Avenue, San Diego, CA 92123",32.821172,-117.138546,92123,San Diego,San Diego County,False,False,Sunday,EFAP,True,True,EFAP Standard Package,EFAP Income Guidelines Apply,False,True,False,True,False,False,False,False,Has Specific Reschedule Dates,True,Monthly,Sunday,4:00 pm,5:30 pm,False,True
50,Journey Community Church,"8363 Center Drive Suite 6C, La Mesa, CA 91942",32.774649,-117.017339,91942,La Mesa,San Diego County,True,False,Friday,Neighborhood Distribution,True,True,Neighborhood Produce (25-30lb),Open to All,False,True,True,False,False,False,False,False,No Reschedules,False,Monthly,Friday,9:00 am,food is gone,False,False
51,La Mesa Springs Apartments ,"8070 Orange Avenue, La Mesa, CA 91941",32.764816,-117.023411,91941,La Mesa,San Diego County,False,False,Wednesday,Senior,True,True,Senior 30lb Box,Senior (60+) Income Guidelines Apply,True,False,False,True,False,False,False,False,Has Specific Reschedule Dates,True,Monthly,Wednesday,1:30 pm,2:30 pm,False,False
52,Lakeside Christian Helps Center,"9931 Channel Road, Lakeside, CA 92040",32.858185,-116.925778,92040,Lakeside,San Diego County,False,False,"Monday, Tuesday, Wednesday, Thursday",EFAP,True,True,EFAP Standard Package,EFAP Income Guidelines Apply,True,False,False,True,False,False,False,False,Has Specific Reschedule Dates,True,Weekly,Monday - Thursday,10:00 am,12:00 pm,False,False
53,Lakeside Gardens Inc.,"12219 Roberts Way, Lakeside, CA 92040",32.857696,-116.927769,92040,Lakeside,San Diego County,False,False,Monday,Senior,True,True,Senior 30lb Box,Senior (60+) Income Guidelines Apply,True,True,False,True,False,False,False,False,Has Specific Reschedule Dates,True,Monthly,Monday,9:00 am,10:00 am,False,False
54,Las Americas Premium Outlets,"4211 Camino de la Plz, San Ysidro, CA 92173, US",32.543751,-117.041597,92173,San Ysidro,San Diego County,False,False,Wednesday,Senior,True,True,Senior 30lb Box,Senior (60+) Income Guidelines Apply,True,False,False,True,False,False,False,False,No Reschedules,False,Monthly,Wednesday,7:00 am,10:00 am,False,False
55,Las Palmas Park,"Intersection of E 20th St & Newell St, National City, CA 91950",32.671103,-117.082579,91950,National City,San Diego County,False,False,Friday,Senior,True,True,Senior 30lb Box,Senior (60+) Income Guidelines Apply,True,True,False,True,False,False,False,False,Has Specific Reschedule Dates,True,Monthly,Friday,9:00 am,11:00 am,False,False
56,Laurel Park Apartments,"10122 Buena Vista Avenue, Santee, CA 92071",32.835861,-116.976747,92071,Santee,San Diego County,False,False,Monday,Senior,True,True,Senior 30lb Box,Senior (60+) Income Guidelines Apply,True,False,False,False,False,False,False,False,Has Specific Reschedule Dates,True,Monthly,Monday,10:30 am,11:30 am,False,False
57,LGBT Community Center,"3909 Centre Street, San Diego, CA 92103",32.748912,-117.147711,92103,San Diego,San Diego County,False,False,Tuesday,Neighborhood Distribution,True,True,Neighborhood Produce (25-30lb),Open to All,True,True,True,True,False,False,False,False,Has Specific Reschedule Dates,True,Monthly,Tuesday,8:00 am,10:00 am,False,False
58,LGBT Community Center ,"3909 Centre Street, San Diego, CA 92103",32.748912,-117.147711,92103,San Diego,San Diego County,False,False,Tuesday,Senior,True,True,Senior 30lb Box,Senior (60+) Income Guidelines Apply,True,True,False,True,False,False,False,False,No Reschedules,False,Monthly,Tuesday,1:00 pm,3:00 pm,False,False
59,Lutheran Social Services of SoCal Project Hand,"580 Hilltop Drive, Chula Vista, CA 91910",32.634811,-117.064354,91910,Chula Vista,San Diego County,False,False,"Monday, Wednesday, Friday",EFAP,True,True,EFAP Standard Package,EFAP Income Guidelines Apply,True,False,False,True,False,False,False,False,Has Specific Reschedule Dates,True,Weekly,"Mondays, Wednesdays",9:00 am,2:00 pm,False,False
60,Lutheran Social Services of SoCal Project Hand,"580 Hilltop Drive, Chula Vista, CA 91910",32.634811,-117.064354,91910,Chula Vista,San Diego County,False,False,Friday,EFAP,True,True,EFAP Standard Package,EFAP Income Guidelines Apply,False,True,False,False,False,False,False,False,No Reschedules,False,Monthly,Friday,9:00 am,food is gone,False,False
61,MAAC Project at Chula Vista,"1385 Third Avenue, Chula Vista, CA 91911",32.604751,-117.064499,91911,Chula Vista,San Diego County,False,False,Thursday,EFAP,True,True,EFAP Standard Package,EFAP Income Guidelines Apply,True,True,False,True,False,False,False,False,No Reschedules,False,Monthly,Thursday,8:30 am,10:30 am,False,False
62,MAAC Project at Laurel Tree Apartments,"1307 Laurel Tree Lane, Carlsbad, CA 92011",33.120244,-117.299692,92011,Carlsbad,San Diego County,False,False,Tuesday,EFAP,True,True,EFAP Standard Package,EFAP Income Guidelines Apply,True,True,False,False,False,False,False,False,No Reschedules,False,Monthly,Tuesday,1:30 pm,food is gone,False,False
63,MAAC Project at Mercado Apartments ,"2001 Newton Avenue, San Diego, CA 92113",32.697811,-117.144063,92113,San Diego,San Diego County,False,False,Thursday,EFAP,True,True,EFAP Standard Package,EFAP Income Guidelines Apply,True,False,True,False,False,False,False,False,Has Specific Reschedule Dates,True,Monthly,Thursday,9:00 am,11:00 am,False,False
64,MAAC Project at San Martin de Porres Apartments,"9140 Akard Street, Spring Valley, CA 91977",32.704504,-117.002266,91977,Spring Valley,San Diego County,False,False,Tuesday,EFAP,True,True,EFAP Standard Package,EFAP Income Guidelines Apply,True,False,False,True,False,False,False,False,No Reschedules,False,Monthly,Tuesday,10:00 am,1:00 pm,False,False
65,MAAC Project Community Center,"1387 3rd Avenue, Chula Vista, CA 91911",32.603779,-117.065337,91911,Chula Vista,San Diego County,False,False,Friday,Senior,True,True,Senior 30lb Box,Senior (60+) Income Guidelines Apply,True,True,False,True,False,False,False,False,Has Specific Reschedule Dates,True,Monthly,Friday,9:00 am,3:00 pm,False,False
66,MAAC Project Villa Lakeshore Apartments,"12606 Lakeshore Drive , Lakeside, CA 92040",32.860716,-116.919194,92040,Lakeside,San Diego County,False,False,Tuesday,EFAP,True,True,EFAP Standard Package,EFAP Income Guidelines Apply,False,True,False,False,False,False,False,False,No Reschedules,False,Monthly,Tuesday,9:00 am,food is gone,False,False
67,Meridian Baptist Church ,"660 S 3rd Street, El Cajon, CA 92019",32.788165,-116.926257,92019,El Cajon,San Diego County,True,False,Friday,Senior,True,True,Senior 30lb Box,Senior (60+) Income Guidelines Apply,True,True,False,True,False,False,False,False,No Reschedules,False,Monthly,Friday,1:00 pm,3:00 pm,False,False
68,Mesa View Baptist Church,"13230 Pomerado Road, Poway, CA 92064",32.956065,-117.06237,92064,Poway,San Diego County,True,False,Wednesday,Senior,True,True,Senior 30lb Box,Senior (60+) Income Guidelines Apply,True,True,False,True,False,False,False,False,No Reschedules,False,Monthly,Wednesday,1:30 pm,3:00 pm,False,False
69,Mesa View Baptist Church,"13230 Pomerado Road, Poway, CA 92064",32.956065,-117.06237,92064,Poway,San Diego County,True,False,Saturday,EFAP,True,True,EFAP Standard Package,EFAP Income Guidelines Apply,True,False,False,True,False,False,False,False,Has Specific Reschedule Dates,True,Weekly,Saturdays,8:00 am,11:00 am,False,True
70,Mid-City Church of the Nazarene,"4101 University Avenue, San Diego, CA 92105",32.749422,-117.10667,92105,San Diego,San Diego County,True,False,Wednesday,Senior,True,True,Senior 30lb Box,Senior (60+) Income Guidelines Apply,True,False,False,True,False,False,False,False,No Reschedules,False,Monthly,Wednesday,1:30 pm,3:00 pm,False,False
71,Mid-City Church of the Nazarene,"4101 University Avenue, San Diego, CA 92105",32.749422,-117.10667,92105,San Diego,San Diego County,True,False,Saturday,EFAP,True,True,EFAP Standard Package,EFAP Income Guidelines Apply,True,False,False,True,False,False,False,False,Has Specific Reschedule Dates,True,Monthly,Saturday,9:00 am,11:00 am,False,True
72,Ministerio Tiempo Nuevo,"1703 E. Valley Pkwy, Escondido, CA 92027",33.140271,-117.055116,92027,Escondido,San Diego County,False,False,Tuesday,Neighborhood Distribution,True,True,Neighborhood Produce (25-30lb),Open to All,False,True,True,False,False,False,False,False,Has Specific Reschedule Dates,True,Weekly,Tuesday,2:00 PM,6:00 PM,False,False
73,Ministerio Tiempo Nuevo - Alpine @ Bethel Assembly of God,"1929 E. Arnold Way, Alpine, CA 91901",32.83529,-116.774182,91901,Alpine,San Diego County,False,False,Thursday,EFAP,True,True,EFAP Standard Package,EFAP Income Guidelines Apply,False,False,False,False,False,False,False,False,Has Specific Reschedule Dates,True,Weekly,Thursdays,10:00 am,12:00 pm,False,False
74,Ministerio Tiempo Nuevo - El Cajon,"2025 Harbison Canyon Rd. El Cajon, CA 92109",32.8203,-116.83,92109,El Cajon,San Diego County,False,False,"Monday, Tuesday, Wednesday, Thursday",EFAP,True,True,EFAP Standard Package,EFAP Income Guidelines Apply,True,False,False,False,False,True,False,False,Has Specific Reschedule Dates,True,Weekly,Monday-Thursday,11 am,,False,False
75,Ministerio Tiempo Nuevo - Vista,"885 East Vista Way, Vista, CA 92084",33.210267,-117.232477,92084,Vista,San Diego County,False,False,Wednesday,EFAP,True,True,EFAP Standard Package,EFAP Income Guidelines Apply,False,False,False,False,False,False,False,False,Has Specific Reschedule Dates,True,Weekly,Wednesdays,6:00 am,7:30 am,False,False
76,Mission San Luis Rey Parish,"4070 Mission Avenue, Oceanside, CA 92029",33.232374,-117.317349,92029,Oceanside,San Diego County,False,False,Saturday,Neighborhood Distribution,True,True,Neighborhood Produce (25-30lb),Open to All,True,True,True,True,True,False,False,False,Has Specific Reschedule Dates,True,Monthly,Saturday,8:00am,9:00am,False,True
77,Mountain Empire Route: Barrett Mobile Home Park (Dulzura),"1250 Barrett Lake Road, Dulzura, CA 91917",32.622538,-116.689871,91917,Dulzura,San Diego County,False,False,Thursday,Senior,True,True,Senior 30lb Box,Senior (60+) Income Guidelines Apply,True,True,False,True,False,False,False,False,Has Specific Reschedule Dates,True,Monthly,Thursday,9:30 am,10:00 am,False,False
78,Mountain Empire Route: Jamul Community Church,"14866 Lyons Valley Road, Jamul, CA 91935",32.730295,-116.840858,91935,Jamul,San Diego County,True,False,Thursday,Senior,True,True,Senior 30lb Box,Senior (60+) Income Guidelines Apply,False,True,False,False,False,False,False,False,Has Specific Reschedule Dates,True,Monthly,Thursday,8:00 am,8:30 am,False,False
79,Mountain Empire Route: Lake Morena Community Church ,"29765 Oak Drive, Campo, CA 91906",32.678687,-116.506184,91906,Campo,San Diego County,True,False,Thursday,Senior,True,True,Senior 30lb Box,Senior (60+) Income Guidelines Apply,True,True,False,True,False,False,False,False,Has Specific Reschedule Dates,True,Monthly,Thursday,1:30 pm,,False,False
80,Mountain Empire Route: Potrero Library,"24883 Potrero Valley Road, Potrero, CA 91963",32.610986,-116.612616,91963,Potrero,San Diego County,False,False,Thursday,Senior,True,True,Senior 30lb Box,Senior (60+) Income Guidelines Apply,True,True,False,True,False,False,False,False,Has Specific Reschedule Dates,True,Monthly,Thursday,11:15 am,12:00 pm,False,False
81,Mountain View Community Center ,"641 S Boundary Street, San Diego, CA 92113",32.699406,-117.105821,92113,San Diego,San Diego County,False,False,Tuesday,Senior,True,True,Senior 30lb Box,Senior (60+) Income Guidelines Apply,True,True,False,True,False,False,False,False,No Reschedules,False,Monthly,Tuesday,9:00 am,11:00 am,False,False
82,Mt Manna,"2898 Hwy 78, Julian, CA 92036",33.078625,-116.619062,92036,Julian,San Diego County,False,False,,Food To Nonprofit,True,True,Nonperishable Dry Goods + Produce,Open to All,False,False,True,False,False,False,False,False,Unknown,False,,,,,True,False
83,National City Public Library,"1401 National City Boulevard, National City, CA 91950",32.670569,-117.104234,91950,National City,San Diego County,False,False,Thursday,Senior,True,True,Senior 30lb Box,Senior (60+) Income Guidelines Apply,True,True,False,True,False,False,False,False,Has Specific Reschedule Dates,True,Monthly,Thursday,8:00 am,11:00 am,False,False
84,Neighborhood Healthcare,"488 E. Valley Pkwy, Escondido, CA 92025",33.125718,-117.07691,92025,Escondido,San Diego County,False,False,Saturday,,True,True,Neighborhood Produce (25-30lb),Open to All,True,True,False,True,False,False,False,False,No Reschedules,False,Monthly,Saturday,10:00 am,food is gone,False,True
85,Nestor Methodist Church ,"1120 Nestor Way, San Diego, CA 92154",32.575725,-117.085006,92154,San Diego,San Diego County,True,False,Friday,EFAP,True,True,EFAP Standard Package,EFAP Income Guidelines Apply,False,False,False,False,False,False,True,False,No Reschedules,False,Monthly,Friday,8:00 am,10:00 am,False,False
86,Nestor United Methodist Church,"1120 Nestor Way, San Diego, CA 92154, US",32.575743,-117.085013,92154,San Diego,San Diego County,True,False,Monday,Senior,True,True,Senior 30lb Box,Senior (60+) Income Guidelines Apply,False,False,False,False,False,False,False,False,Has Specific Reschedule Dates,True,Monthly,Monday,1:00 pm,2:30 pm,False,False
87,New Hope Community Church,"2525 E Valley Parkway, Escondido, CA 92027",33.141467,-117.041301,92027,Escondido,San Diego County,True,False,,Food To Nonprofit,True,True,Nonperishable Dry Goods + Produce,Open to All,False,False,False,False,True,False,False,False,Unknown,False,,,,,True,False
88,New Hope Seventh Day Adventist Church,"2420 52nd Street, San Diego, CA 92105",32.731761,-117.084032,92105,San Diego,San Diego County,True,False,Thursday,EFAP,True,True,EFAP Standard Package,EFAP Income Guidelines Apply,False,False,True,False,False,False,False,False,No Reschedules,False,Monthly,Thursday,9:00 am,11:00 am,False,False
89,New Life Baptist Church,"9255 Lamar Street, Spring Valley, CA 91977",32.739224,-116.998158,91977,Spring Valley,San Diego County,True,False,Tuesday,EFAP,True,True,EFAP Standard Package,EFAP Income Guidelines Apply,True,True,True,True,False,False,False,False,No Reschedules,False,Monthly,Tuesday,12:30 pm,3:00 pm,False,False
90,New Season's Church ,"2300 Bancroft Drive, Spring Valley, CA 91977",32.731085,-117.007358,91977,Spring Valley,San Diego County,True,False,Wednesday,Senior,True,True,Senior 30lb Box,Senior (60+) Income Guidelines Apply,True,True,False,True,False,False,False,False,Has Specific Reschedule Dates,True,Monthly,Wednesday,9:00 am,11:00 am,False,False
91,New Season's Church,"2300 Bancroft Drive, Spring Valley, CA 91977",32.731085,-117.007358,91977,Spring Valley,San Diego County,True,False,Tuesday,Neighborhood Distribution,True,True,Neighborhood Produce (25-30lb),Open to All,False,True,True,False,False,False,False,False,Has Specific Reschedule Dates,True,Monthly,Tuesday,9:00 am,food is gone,False,False
92,North City Church,"11717 Poway Road, Poway, CA 92064",32.946846,-117.076466,92064,Poway,San Diego County,True,False,Friday,Neighborhood Distribution,True,True,Neighborhood Produce (25-30lb),Open to All,False,True,True,False,False,False,False,False,No Reschedules,False,Monthly,Friday,2:00 pm,food is gone,False,False
93,North Coast Church/Pauma Valley,"32077 Community Church Drive, Pauma Valley, CA 92061",33.304969,-116.977093,92061,Pauma Valley,San Diego County,True,False,Wednesday,Neighborhood Distribution,True,True,Neighborhood Produce (25-30lb),Open to All,False,True,True,False,False,False,False,False,Has Specific Reschedule Dates,True,Monthly,Wednesday,2:00 pm,food is gone,False,False
94,North County Food Bank Client Choice Food Pantry,"2260 Oak Ridge Way, Vista, CA 92081",33.139947,-117.241075,92081,Vista,San Diego County,False,False,"Monday, Tuesday, Wednesday, Thursday, Friday",Senior,True,True,Senior 30lb Box,Senior (60+) Income Guidelines Apply,False,False,False,False,False,False,False,False,Has Specific Reschedule Dates,True,Monthly,Thursday,9:00 am,12:00 pm.,False,False
95,North Park Apostolic,"2515 Lemon Grove Avenue , Lemon Grove, CA  91945",32.73285,-117.032536,91945,Lemon Grove,San Diego County,False,False,Thursday,Neighborhood Distribution,True,True,Neighborhood Produce (25-30lb),Open to All,False,True,True,False,False,False,False,False,Has Specific Reschedule Dates,True,Monthly,Thursday,12:00pm,food is gone,False,False
96,Oceanside Senior Center,"455 Country Club Lane, Oceanside, CA 92054",33.197304,-117.365307,92054,Oceanside,San Diego County,False,False,Monday,Senior,True,True,Senior 30lb Box,Senior (60+) Income Guidelines Apply,True,True,False,True,False,False,False,False,Has Specific Reschedule Dates,True,Monthly,Monday,9:00 am,11:30 am,False,False
97,Oceanside Silvercrest Residence,"3839 Lake Boulevard, Oceanside, CA 92056",33.179484,-117.290412,92056,Oceanside,San Diego County,False,False,Tuesday,Senior,True,True,Senior 30lb Box,Senior (60+) Income Guidelines Apply,True,False,False,True,False,False,False,False,No Reschedules,False,Monthly,Tuesday,9:00 am,10:00 am,False,False
98,Old Town Community Church,"2444 Congress Street, San Diego, CA 92110",32.751314,-117.194178,92110,San Diego,San Diego County,True,False,Wednesday,EFAP,True,True,EFAP Standard Package,EFAP Income Guidelines Apply,True,True,False,True,False,False,False,False,Has Specific Reschedule Dates,True,Weekly,Wednesdays,9:00 am,3:00 pm,False,False
99,Oxford Terrace Apartments,"555 Oxford Street, Chula Vista, CA 91911",32.607178,-117.077284,91911,Chula Vista,San Diego County,False,False,Wednesday,EFAP,True,True,EFAP Standard Package,EFAP Income Guidelines Apply,True,False,False,True,False,False,True,False,Has Specific Reschedule Dates,True,Monthly,Wednesday,9:00 am,1:00 pm,False,False
100,Park Avenue Community Center,"210 E Park Avenue, Escondido, CA 92025",33.129414,-117.083874,92025,Escondido,San Diego County,False,False,Monday,Senior,True,True,Senior 30lb Box,Senior (60+) Income Guidelines Apply,True,True,False,True,False,False,False,False,Has Specific Reschedule Dates,True,Monthly,Monday,8:30 am,11:30 am,False,False
101,Pilgrim United Church of Christ,"2020 Chestnut Avenue, Carlsbad, CA 92008",33.162267,-117.326384,92008,Carlsbad,San Diego County,True,False,Tuesday,EFAP,True,True,EFAP Standard Package,EFAP Income Guidelines Apply,True,False,False,False,False,False,False,False,No Reschedules,False,Monthly,Tuesday,1:00 pm,2:00 pm,False,False
102,Potrero Community  Center Foundation,"24954 Potrero Valley Road, Potrero, CA 91963",32.613413,-116.615499,91963,Potrero,San Diego County,False,False,Tuesday,EFAP,False,True,EFAP Standard Package,EFAP Income Guidelines Apply,True,False,False,False,False,False,False,False,No Reschedules,False,Monthly,Tuesday,9:00 am,11:00 pm,False,False
103,Potrero Community Center Foundation,"24954 Potrero Valley Road, Potrero, CA 91963",32.613413,-116.615499,91963,Potrero,San Diego County,False,False,Friday,Neighborhood Distribution,True,True,Neighborhood Produce (25-30lb),Open to All,True,False,False,True,False,False,False,False,No Reschedules,False,Monthly,Friday,8:00 am,9:00 am,False,False
104,Ramona Bilingual Seventh Day Adventist Church,"310 5th Street, Ramona, CA 92065",33.04616,-116.860196,92065,Ramona,San Diego County,True,False,Wednesday,,True,True,Reduced 15-25lb Box,,False,False,False,False,False,False,False,False,Unknown,False,,,,,True,False
105,Ramona Food & Clothes Closet Incorporated,"773 Main Street, Ramona, CA 92065",33.044163,-116.865355,92065,Ramona,San Diego County,False,False,"Monday, Tuesday, Wednesday, Thursday, Friday",EFAP,True,True,EFAP Standard Package,EFAP Income Guidelines Apply,True,False,True,False,True,False,False,False,Has Specific Reschedule Dates,True,Weekly,Monday - Friday,9:30 am,5:00 pm,False,False
106,Salvation Army - El Cajon,"1025 East Main Street, El Cajon, CA 92021",32.794471,-116.947059,92021,El Cajon,San Diego County,False,False,Wednesday,EFAP,True,True,EFAP Standard Package,EFAP Income Guidelines Apply,False,False,True,False,True,False,True,False,No Reschedules,False,Monthly,Wednesday,9:00 am,12:00 pm,False,False
107,Salvation Army at Guatay,"27521 Old Hwy 80, Guatay, CA 91931",32.846782,-116.556238,91931,Guatay,San Diego County,False,False,Wednesday,EFAP,True,True,EFAP Standard Package,EFAP Income Guidelines Apply,True,True,False,False,False,False,False,False,Has Specific Reschedule Dates,True,Monthly,Wednesday,9:30 am,10:30 am,False,False
108,Salvation Army at Lake Morena Community Church,"29765 Oak Drive, Campo, CA 91906",32.678687,-116.506184,91906,Campo,San Diego County,True,False,Wednesday,EFAP,True,True,EFAP Standard Package,EFAP Income Guidelines Apply,True,True,False,False,False,False,False,False,Has Specific Reschedule Dates,True,Monthly,Wednesday,12:00 pm,1:00 pm,False,False
109,Samoa Independent Full Gospel,"2055 Skyline Drive, Lemon Grove, CA 91945",32.728656,-117.026529,91945,Lemon Grove,San Diego County,False,False,Friday,Neighborhood Distribution,True,True,Neighborhood Produce (25-30lb),Open to All,True,False,True,True,False,False,False,False,Has Specific Reschedule Dates,True,Monthly,Friday,9:00 am,food is gone,False,False
110,San Diego Armed Services YMCA,"3293 Santo Road, San Diego, CA 92124",32.810992,-117.11285,92124,San Diego,San Diego County,False,True,Thursday,EFAP,True,True,EFAP Standard Package,EFAP Income Guidelines Apply,True,True,False,True,False,False,False,False,Has Specific Reschedule Dates,True,Monthly,Thursday,10:00 am,12:00 am,False,False
111,San Diego Broadway Spanish Seventh Day Adventist,"2411 Broadway Street, San Diego, CA 92102",32.715518,-117.142224,92102,San Diego,San Diego County,False,False,Saturday,EFAP,True,True,EFAP Standard Package,EFAP Income Guidelines Apply,False,False,False,False,False,False,False,False,Has Specific Reschedule Dates,True,Monthly,Saturday,2:30 pm,4:30 pm,False,True
112,San Diego Food Bank at Campo Education Center,"36190 Church Road, Campo, CA 91906",32.652398,-116.367137,91906,Campo,San Diego County,False,False,Wednesday,Neighborhood Distribution,True,True,Neighborhood Produce (25-30lb),Open to All,False,True,False,False,False,False,False,False,Has Specific Reschedule Dates,True,Monthly,Wednesday,9:00 am,10:00am,False,False
113,San Diego Food Bank at Jamul Casino,"14145 Campo Road, Jamul, CA 91935",32.703948,-116.868773,91935,Jamul,San Diego County,False,False,Tuesday,Neighborhood Distribution,True,True,Neighborhood Produce (25-30lb),Open to All,True,False,False,True,True,False,False,False,No Reschedules,False,Monthly,Tuesday,9:00 am,10:00 am,False,False
114,San Diego Food Bank at La Posta Casino,"777 Crestwood Road, Boulevard, CA 91905",32.706652,-116.361809,91905,Boulevard,San Diego County,False,False,Friday,Neighborhood Distribution,True,True,Neighborhood Produce (25-30lb),Open to All,False,True,False,False,False,False,False,False,Has Specific Reschedule Dates,True,Monthly,Friday,9:00 am,10:00 am,False,False
115,San Diego Food Bank at Manzanita MAC Building,"39 Crestwood Road, Boulevard, CA 91905",32.741315,-116.360276,91905,Boulevard,San Diego County,False,False,Thursday,Neighborhood Distribution,True,True,Neighborhood Produce (25-30lb),Open to All,False,True,False,False,False,False,False,False,No Reschedules,False,Monthly,Thursday,9:00 am,10:00 am,False,False
116,San Diego Food Bank at Mountain Empire Boulevard,"39919 Ribbonwood Road, Boulevard, CA 91905",32.669714,-116.288907,91905,Boulevard,San Diego County,False,False,Monday,EFAP,True,True,EFAP Standard Package,EFAP Income Guidelines Apply,False,True,False,False,False,False,False,False,Has Specific Reschedule Dates,True,Monthly,Monday,10:00 am,12:00 pm,False,False
117,San Diego Food Bank at Mountain Empire Jacumba,"44681 Old Highway 80, Jacumba, CA 91934",32.617546,-116.179638,91934,Jacumba,San Diego County,False,False,Monday,EFAP,True,True,EFAP Standard Package,EFAP Income Guidelines Apply,True,True,False,True,False,False,False,False,Has Specific Reschedule Dates,True,Monthly,Monday,1:00 pm,2:00 pm,False,False
118,San Marcos Senior Center,"111 Richmar Avenue, San Marcos, CA 92069, US",33.143224,-117.163591,92069,San Marcos,San Diego County,False,False,Tuesday,Senior,True,True,Senior 30lb Box,Senior (60+) Income Guidelines Apply,False,False,False,False,False,False,False,False,No Reschedules,False,Monthly,Tuesday,1:30 pm,3:00 pm,False,False
119,Santee Food Bank,"9715 Halberns Boulevard, Santee, CA 92071",32.854805,-116.992888,92071,Santee,San Diego County,False,False,Tuesday,EFAP,True,True,EFAP Standard Package,EFAP Income Guidelines Apply,True,True,False,True,False,False,False,False,No Reschedules,False,Monthly,Tuesday,8:00 am,11:00 am,False,False
120,SBCS National City Family Resource Center (Family Resource Center),"304 West 18th Street, National City, CA 91950",32.666061,-117.105961,91950,National City,San Diego County,False,False,"Tuesday, Wednesday, Thursday",EFAP,True,True,EFAP Standard Package,EFAP Income Guidelines Apply,True,False,True,True,False,False,False,False,Has Specific Reschedule Dates,True,Weekly,"Tuesdays, Wednesdays",8:00 am,12:00 pm,False,False
121,SDFB North County Food Bank,"2260 Oak Ridge Way, Vista, CA 92081",33.13997,-117.24093,92081,Vista,San Diego County,False,False,"Monday, Tuesday, Wednesday, Thursday, Friday",EFAP,True,True,Senior 30lb Box,EFAP Income Guidelines Apply,False,False,True,False,True,False,False,False,Has Specific Reschedule Dates,True,Monthly,Friday,9:00 am,11:45 am,False,False
122,Serving & Sharing Foundation Incorporated,"31020 Cole Grade Road, Valley Center, CA 92082",33.2751,-117.024463,92082,Valley Center,San Diego County,False,False,Saturday,EFAP,True,True,EFAP Standard Package,EFAP Income Guidelines Apply,True,True,False,True,False,False,False,False,Has Specific Reschedule Dates,True,Monthly,Saturday,10:00 am,12:00 pm,False,True
123,Shelter Valley Citizens Corporation,"7217 Great Southern Overland Stage Route, Julian, CA 92036",33.077582,-116.438604,92036,Julian,San Diego County,False,False,Tuesday,EFAP,True,True,EFAP Standard Package,EFAP Income Guidelines Apply,False,True,False,False,False,False,False,False,Has Specific Reschedule Dates,True,Monthly,Tuesday,8:00 am,food is gone,False,False
124,Sherman Heights Community Center,"2258 Island Avenue, San Diego, CA 92102",32.71087,-117.143155,92102,San Diego,San Diego County,False,False,Thursday,EFAP,True,True,EFAP Standard Package,EFAP Income Guidelines Apply,False,False,True,False,False,False,False,False,Has Specific Reschedule Dates,True,Monthly,Thursday,9:00 am,12:00 pm,False,False
125,Sherman Heights Community Center ,"2258 Island Avenue, San Diego, CA 92102",32.71087,-117.143155,92102,San Diego,San Diego County,False,False,Wednesday,Senior,True,True,Senior 30lb Box,Senior (60+) Income Guidelines Apply,True,False,False,True,False,False,False,False,Has Specific Reschedule Dates,True,Monthly,Wednesday,9:00 am,11:30 am,False,False
126,Smart Food Foundation at Farr Elementary,"933 Farr Avenue, Escondido, CA 92026",33.137796,-117.077606,92026,Escondido,San Diego County,False,False,Thursday,Neighborhood Distribution,True,True,Neighborhood Produce (25-30lb),Open to All,True,True,True,True,False,False,False,False,Has Specific Reschedule Dates,True,Monthly,Thursday,3:00 PM,4:30 PM,False,False
127,Somali Bantu Association of America,"4979 University Avenue Suite A San Diego, CA 92105",32.749226,-117.087278,92105,San Diego,San Diego County,False,False,Wednesday,EFAP,True,True,EFAP Standard Package,EFAP Income Guidelines Apply,True,False,False,True,False,False,False,False,Has Specific Reschedule Dates,True,Monthly,Wednesday,11:00pm,5:00pm,False,False
128,Sorrento Towers Apartments,"2875 Cowley Way, San Diego, CA 92110",32.794123,-117.191012,92110,San Diego,San Diego County,False,False,Friday,Senior,True,True,Senior 30lb Box,Senior (60+) Income Guidelines Apply,False,False,False,False,False,False,False,False,No Reschedules,False,Monthly,Friday,1:30 pm,3:00 pm,False,False
129,South Bay Pentecostal,"395 D Street, Chula Vista, CA 91910",32.647468,-117.086289,91910,Chula Vista,San Diego County,False,False,Friday,Neighborhood Distribution,True,True,Neighborhood Produce (25-30lb),Open to All,False,True,True,False,False,False,False,False,Has Specific Reschedule Dates,True,Monthly,Friday,9:00 am,food is gone,False,False
130,Special Delivery SD,"4021 Goldfinch Street, San Diego, CA 92103",32.750335,-117.171093,92103,San Diego,San Diego County,False,False,"Monday, Tuesday, Wednesday, Thursday",EFAP,True,True,EFAP Standard Package,EFAP Income Guidelines Apply,True,False,False,True,False,False,False,False,Has Specific Reschedule Dates,True,Weekly,Monday - Thursday,11:30 am,1:00 pm,False,False
131,St Agnes Church,"1145 Evergreen Street, San Diego, CA 92106",32.72282,-117.233165,92106,San Diego,San Diego County,True,False,Thursday,EFAP,True,True,EFAP Standard Package,EFAP Income Guidelines Apply,True,False,False,True,False,False,False,False,Has Specific Reschedule Dates,True,Monthly,Thursday,8:30 am,10:00 am,False,False
132,St Andrew's Episcopal Church,"890 Balour Drive, Encinitas, CA 92024",33.041348,-117.268811,92024,Encinitas,San Diego County,True,False,Thursday,Neighborhood Distribution,True,True,Neighborhood Produce (25-30lb),Open to All,True,False,True,True,False,False,False,False,Has Specific Reschedule Dates,True,Monthly,Thursday,2:00pm,4:00pm,False,False
133,St Barnabas Episcopal Church,"2680 Country Club Drive, Borrego Springs, CA 92004",33.25657,-116.37664,92004,Borrego Springs,San Diego County,True,False,Monday,EFAP,True,True,EFAP Standard Package,EFAP Income Guidelines Apply,True,False,False,False,False,False,False,False,Has Specific Reschedule Dates,True,Monthly,Monday,11:00am,3:00 pm,False,False
134,St John's Plaza ,"8150 Broadway, Lemon Grove, CA 91945",32.744114,-117.022087,91945,Lemon Grove,San Diego County,False,False,Thursday,Senior,True,True,Senior 30lb Box,Senior (60+) Income Guidelines Apply,True,False,False,True,False,False,False,False,No Reschedules,False,Monthly,Thursday,1:30 pm,3:00 pm,False,False
135,St Mark's Lutheran Church ,"580 Hilltop Drive, Chula Vista, CA 91910",32.634811,-117.064354,91910,Chula Vista,San Diego County,True,False,Tuesday,Senior,True,True,Senior 30lb Box,Senior (60+) Income Guidelines Apply,True,True,False,True,False,False,False,False,No Reschedules,False,Monthly,Tuesday,9:00 am,11:30 am,False,False
136,St Paul United Methodist Church of San Diego,"3094 L Street, San Diego, CA 92102",32.707725,-117.127582,92102,San Diego,San Diego County,True,False,Thursday,EFAP,True,True,EFAP Standard Package,EFAP Income Guidelines Apply,True,False,True,False,True,False,False,False,Has Specific Reschedule Dates,True,Monthly,Thursday,12:00 pm,2:00 pm,False,False
137,St Stephen's Church of God in Christ,"5825 Imperial Avenue, San Diego, CA 92114",32.70842,-117.072453,92114,San Diego,San Diego County,True,False,Monday,Neighborhood Distribution,True,True,Neighborhood Produce (25-30lb),Open to All,True,True,True,True,False,False,False,False,Has Specific Reschedule Dates,True,Monthly,Monday,9:00 am,food is gone,False,False
138,St Vincent De Paul / Father Joe's Villages,"3350 E Street, San Diego, CA 92102",32.715022,-117.121941,92102,San Diego,San Diego County,False,False,Friday,EFAP,True,True,EFAP Standard Package,,True,True,True,False,False,False,False,False,Has Specific Reschedule Dates,True,Weekly,Fridays,12:00 pm,2:00 pm,False,False
139,St. Stephen's Church of God in Christ,"5825 Imperial Avenue, San Diego, CA 92114",32.70842,-117.072453,92114,San Diego,San Diego County,True,False,Tuesday,Senior,True,True,Senior 30lb Box,Senior (60+) Income Guidelines Apply,True,True,False,True,False,False,False,False,No Reschedules,False,Monthly,Tuesday,1:00 pm,3:00 pm,False,False
140,Stepping Higher Incorporated,"138 28th Street, San Diego, CA 92102",32.707127,-117.134086,92102,San Diego,San Diego County,False,False,"Tuesday, Wednesday, Thursday",EFAP,True,True,EFAP Standard Package,EFAP Income Guidelines Apply,True,False,True,False,False,False,False,False,Has Specific Reschedule Dates,True,Weekly,Tuesdays - Thursdays,10:00 am,1:00 pm,False,False
141,Telacu South Bay Manor,"650 E 14th St, National City, CA 91950, US",32.672226,-117.097834,91950,National City,San Diego County,False,False,Thursday,Senior,True,True,Senior 30lb Box,Senior (60+) Income Guidelines Apply,False,False,False,False,False,False,False,False,Has Specific Reschedule Dates,True,Monthly,Thursday,1:30 pm,3:00 pm,False,False
142,The Alley Food Ministry,"2083 Sunset Cliffs Boulevard, San Diego, CA 92107",32.747612,-117.244702,92107,San Diego,San Diego County,False,False,,Food To Nonprofit,True,True,Nonperishable Dry Goods + Produce,Open to All,False,False,False,False,False,False,False,False,Unknown,False,,,,,True,False
143,The Center,"1305 Deodar Road, Escondido, CA 92026",33.140939,-117.106761,92026,Escondido,San Diego County,False,False,,Food To Nonprofit,True,True,Nonperishable Dry Goods + Produce,Open to All,False,False,False,False,False,False,False,False,Unknown,False,,,,,True,False
144,The Church at Rancho Bernardo,"11740 Bernardo Plaza Court, San Diego, CA 92128",33.02004,-117.077859,92128,San Diego,San Diego County,True,False,Friday,Senior,True,True,Senior 30lb Box,Senior (60+) Income Guidelines Apply,True,True,False,True,False,False,False,False,No Reschedules,False,Monthly,Friday,10:00 am,10:30 am,False,False
145,The Church of Jesus Christ of Latter-day Saints - Clairemont ,"4741 Mt. Abernathy Avenue, San Diego, CA 92117",32.829595,-117.170499,92117,San Diego,San Diego County,True,False,Friday,Senior,True,True,Senior 30lb Box,Senior (60+) Income Guidelines Apply,True,True,False,True,False,False,False,False,No Reschedules,False,Monthly,Friday,9:00 am,11:00 am,False,False
146,The Community Food Connection,"14047 Twin Peaks Road, Poway, CA 92064",32.977585,-117.025835,92064,Poway,San Diego County,False,False,"Monday, Wednesday, Friday",EFAP,True,True,EFAP Standard Package,EFAP Income Guidelines Apply,False,False,True,False,False,False,False,False,Has Specific Reschedule Dates,True,Weekly,"Mondays, Wednesdays",3:00 pm,6:00 pm,False,False
147,The Foundry Community Church,"120 North Ash Street, Escondido, CA 92027",33.127765,-117.065504,92027,Escondido,San Diego County,True,False,"Tuesday, Thursday",EFAP,True,True,EFAP Standard Package,EFAP Income Guidelines Apply,True,False,True,True,True,False,False,False,Has Specific Reschedule Dates,True,Weekly,Tuesdays & Thursdays,11:00am,1:00pm,False,False
148,The Movement Church,"1609 Capalina Road, San Marcos, CA 92069",33.150202,-117.196243,92069,San Marcos,San Diego County,True,False,Monday,EFAP,True,True,EFAP Standard Package,EFAP Income Guidelines Apply,False,True,True,False,False,False,False,False,Has Specific Reschedule Dates,True,Monthly,Monday,2:00 pm,3:30 pm,False,False
149,The Unity Center of San Diego,"8999 Activity Road, San Diego, CA 92126",32.895915,-117.131569,92126,San Diego,San Diego County,False,False,Monday,Senior,True,True,Senior 30lb Box,Senior (60+) Income Guidelines Apply,True,True,False,True,False,False,False,False,Has Specific Reschedule Dates,True,Monthly,Monday,1:00 pm,3:00 pm,False,False
150,Upper Room Pentecostal,"631 12th Street Imperial Beach, CA 91932",32.584973,-117.10803,91932,Imperial Beach,San Diego County,False,False,Saturday,EFAP,True,True,EFAP Standard Package,EFAP Income Guidelines Apply,True,True,True,False,False,False,False,False,No Reschedules,False,Monthly,Saturday,9:00 am,11:00am,False,True
151,Us 4 Warriors,"900 Paseo del Rey, Chula Vista, CA 91910",32.633457,-117.027515,91910,Chula Vista,San Diego County,False,False,Tuesday,Neighborhood Distribution,True,True,Neighborhood Produce (25-30lb),Open to All,True,True,True,True,False,False,False,False,No Reschedules,False,Monthly,Tuesday,12:00pm,1:00pm,False,False
152,Victory Resource Center,"1220 Third Avenue, Suite 1 Chula Vista, CA 91911",32.609358,-117.067768,91911,Chula Vista,San Diego County,False,False,"Monday, Wednesday, Friday",EFAP,True,True,EFAP Standard Package,EFAP Income Guidelines Apply,False,False,False,False,False,False,False,False,Has Specific Reschedule Dates,True,Weekly,"Mondays, Wednesdays",10:00 am,1:00 pm,False,False
153,Warner Springs Community Resource Center,"30950 Highway 79, Warner Springs, CA 92086",33.274217,-116.644207,92086,Warner Springs,San Diego County,False,False,Tuesday,EFAP,True,True,EFAP Standard Package,EFAP Income Guidelines Apply,False,True,True,False,False,False,False,False,No Reschedules,False,Monthly,Tuesday,8:00 am,10:00 am,False,False
154,Waterfront Park,"1600 Pacific Hwy, San Diego, CA 92101, US",32.72199,-117.17205,92101,San Diego,San Diego County,False,False,Wednesday,Senior,True,True,Senior 30lb Box,Senior (60+) Income Guidelines Apply,True,False,False,True,False,False,False,False,No Reschedules,False,Monthly,Wednesday,9:00 am,10:30 am,False,False
155,Windsor Gardens Apartments,"1600 W 9th Avenue, Escondido, CA 92029",33.112356,-117.106036,92029,Escondido,San Diego County,False,False,Tuesday,Senior,True,True,Senior 30lb Box,Senior (60+) Income Guidelines Apply,True,False,False,True,False,False,False,False,No Reschedules,False,Monthly,Tuesday,9:00 am,10:00 am,False,False
